id,first_name,last_name,email,gender,ip_address
1,Celestyna,Rickard,crickard0@sitemeter.com,Female,79.108.254.90
2,Seamus,Van de Velde,svandevelde1@berkeley.edu,Male,80.205.249.50
3,Hunt,Ridley,hridley2@pbs.org,Male,
4,Mitchael,Farnham,,Male,172.10.165.0
5,Lombard,Yea,lyea4@usgs.gov,Male,25.228.50.155
6,Hartwell,Stennings,,Male,3.204.52.248
7,Angelle,Reiling,areiling6@weibo.com,,
8,Genia,Linzey,glinzey7@ox.ac.uk,Female,6.234.116.138
9,Devland,,dmeedendorpe8@state.gov,Male,
10,,Ace,vace9@tamu.edu,Female,45.75.54.200
11,Lori,Tupp,ltuppa@delicious.com,Female,203.20.66.171
12,Annabell,Adame,,Female,145.214.85.83
13,Roana,Lattey,,Female,214.199.195.237
14,Faythe,Itscovitz,fitscovitzd@people.com.cn,Female,
15,Shayna,Praill,spraille@dagondesign.com,Female,88.47.117.28
16,Harriott,,hshemminf@google.co.jp,Female,157.250.103.20
17,Hollie,Lytell,hlytellg@imgur.com,,84.99.197.112
18,,Fyfield,rfyfieldh@businesswire.com,Male,178.131.5.239
19,Darby,Ganderton,dgandertoni@engadget.com,Male,239.14.204.122
20,Josselyn,O' Culligan,joculliganj@indiegogo.com,Female,3.58.193.211
21,Lindy,Imlen,limlenk@stumbleupon.com,Male,
22,Bennie,Cuffe,,Female,39.159.125.225
23,Keith,Parsonson,kparsonsonm@oakley.com,Male,
24,Dionis,Grzesiewicz,dgrzesiewiczn@thetimes.co.uk,Female,25.244.138.253
25,Hetti,Tointon,htointono@w3.org,Female,212.20.186.79
26,Jecho,Fearfull,jfearfullp@goo.gl,Male,63.96.236.156
27,Hamnet,Hoffman,hhoffmanq@ted.com,Male,182.177.91.48
28,Uriah,Lyte,ulyter@cdc.gov,Genderfluid,112.241.203.151
29,Cecilius,Ivanusyev,civanusyevs@free.fr,Male,23.134.113.224
30,Nevin,Francescuccio,nfrancescucciot@illinois.edu,Male,217.116.172.10
31,Jillene,Birdsey,jbirdseyu@tumblr.com,Female,10.105.200.254
32,Hillary,Huriche,hhurichev@paypal.com,Male,159.4.192.133
33,Amalie,Dolan,adolanw@dot.gov,Female,152.55.1.233
34,Addia,Shand,ashandx@php.net,Female,171.108.3.140
35,Darcy,Sudddard,dsudddardy@t.co,Female,199.142.124.54
36,Art,Kendal,akendalz@deviantart.com,Male,241.185.101.28
37,Joelle,Pankettman,jpankettman10@theglobeandmail.com,Female,225.213.62.242
38,Linoel,Virgin,lvirgin11@trellian.com,Male,158.238.99.247
39,Levin,Farthing,lfarthing12@purevolume.com,Male,34.162.170.20
40,Shay,Mayworth,smayworth13@techcrunch.com,Female,193.132.179.140
41,Amandie,McTavish,amctavish14@virginia.edu,Female,205.183.225.21
42,Rolf,Gandley,rgandley15@cbc.ca,Male,89.79.17.112
43,Earle,Edkins,eedkins16@stumbleupon.com,Male,27.78.138.87
44,Isadore,Morrowe,imorrowe17@hostgator.com,Male,162.16.10.252
45,Holli,Bazeley,hbazeley18@goodreads.com,Female,36.26.249.158
46,Layla,Digan,ldigan19@uiuc.edu,Female,16.207.175.213
47,Erroll,Woollard,ewoollard1a@biglobe.ne.jp,Male,42.82.189.56
48,Luciana,Reay,lreay1b@1und1.de,Female,77.53.220.84
49,Nikolia,Bleasdille,nbleasdille1c@howstuffworks.com,Female,145.212.50.105
50,Tiphani,Craik,tcraik1d@themeforest.net,Female,204.206.238.163
51,Betta,Rapport,brapport1e@weebly.com,Female,199.196.255.222
52,Legra,Rockcliffe,lrockcliffe1f@pen.io,Female,13.171.17.99
53,Dallas,Goldingay,dgoldingay1g@joomla.org,Female,225.176.145.218
54,Nicol,Slaney,nslaney1h@bing.com,Male,45.97.157.89
55,Christophorus,Croneen,ccroneen1i@soundcloud.com,Male,9.214.107.196
56,Yolanda,Janczewski,yjanczewski1j@weebly.com,Female,97.35.200.82
57,Klarika,Goodacre,kgoodacre1k@de.vu,Female,48.133.157.59
58,Huntington,Petrillo,hpetrillo1l@myspace.com,Male,120.232.92.82
59,Abbott,Bennet,abennet1m@techcrunch.com,Male,216.1.154.26
60,Michale,Creser,mcreser1n@geocities.com,Male,107.210.81.112
61,Franciskus,Breazeall,fbreazeall1o@geocities.jp,Male,180.210.12.187
62,Margie,Tyson,mtyson1p@sogou.com,Female,196.246.194.192
63,Cammy,Krout,ckrout1q@themeforest.net,Genderqueer,20.156.138.18
64,Rachelle,Heathcoat,rheathcoat1r@alibaba.com,Female,21.12.49.78
65,Granger,Goricke,ggoricke1s@thetimes.co.uk,Male,220.109.226.101
66,Fitz,Rastall,frastall1t@digg.com,Male,171.22.155.197
67,Mitzi,Lindeman,mlindeman1u@parallels.com,Genderfluid,160.4.84.242
68,Gradeigh,Alps,galps1v@nationalgeographic.com,Male,242.6.164.188
69,Boony,Peggs,bpeggs1w@amazonaws.com,Male,117.70.41.164
70,Antone,Earpe,aearpe1x@sourceforge.net,Male,30.18.228.57
71,Augustus,Clack,aclack1y@unicef.org,Male,23.245.77.172
72,Niels,Dewire,ndewire1z@liveinternet.ru,Male,192.196.190.198
73,Aline,McMaster,amcmaster20@ameblo.jp,Female,33.71.209.234
74,Lovell,Stonestreet,lstonestreet21@answers.com,Male,89.68.162.19
75,Jesse,Martinello,jmartinello22@admin.ch,Female,130.117.118.164
76,Amitie,Dreye,adreye23@paypal.com,Female,66.41.81.205
77,Tedman,Georgiev,tgeorgiev24@intel.com,Male,176.80.119.172
78,Hilly,Clout,hclout25@diigo.com,Polygender,242.237.196.103
79,Hetti,Pyer,hpyer26@fotki.com,Female,241.203.20.32
80,Peria,Flohard,pflohard27@webnode.com,Female,45.69.236.84
81,Janaye,Lethieulier,jlethieulier28@npr.org,Female,139.45.97.168
82,Perren,Yurocjkin,pyurocjkin29@shop-pro.jp,Male,106.215.113.149
83,Emyle,Lafranconi,elafranconi2a@myspace.com,Female,44.230.245.112
84,Claude,Buterton,cbuterton2b@usgs.gov,Female,222.233.69.127
85,Felicio,Colleymore,fcolleymore2c@quantcast.com,Genderqueer,111.29.138.124
86,Salomon,Padgett,spadgett2d@ycombinator.com,Male,59.252.128.151
87,Wesley,Wasmer,wwasmer2e@nifty.com,Male,173.72.233.76
88,Blinnie,Lippi,blippi2f@issuu.com,Female,153.209.22.195
89,Sarajane,Basketter,sbasketter2g@chron.com,Female,104.120.108.177
90,Binnie,Morde,bmorde2h@mashable.com,Genderqueer,86.219.21.45
91,Dorita,Burrus,dburrus2i@ucsd.edu,Female,15.96.12.249
92,Yul,Corby,ycorby2j@seattletimes.com,Male,72.245.159.149
93,Benoit,Thominga,bthominga2k@mapquest.com,Agender,229.105.217.202
94,Meredithe,Golthorpp,mgolthorpp2l@webs.com,Female,202.118.202.16
95,Godwin,Grzeszczak,ggrzeszczak2m@fastcompany.com,Male,16.76.114.191
96,Sara,Gentreau,sgentreau2n@smh.com.au,Female,54.86.188.121
97,Cesaro,Skirvane,cskirvane2o@facebook.com,Male,115.128.15.17
98,Lorry,Hurle,lhurle2p@psu.edu,Male,170.81.220.161
99,Gertruda,Risdall,grisdall2q@infoseek.co.jp,Female,53.158.167.72
100,Maible,Rodger,mrodger2r@odnoklassniki.ru,Female,4.239.199.15
